Company URL,Linkedin URL,
,,
https://studio3t.com/,https://www.linkedin.com/company/3t-software-labs-gmbh/,
https://new.abb.com/data-centers,https://www.linkedin.com/showcase/abb-electrification-products,
http://amperacleanenergy.com/,,
https://arcticwolf.com/uk/,https://www.linkedin.com/company/arcticwolf/posts/?feedView=all,
https://www.aflhyperscale.com/,https://www.linkedin.com/company/afl-hyperscale/,
https://www.alkira.com/,https://www.linkedin.com/company/alkiranet/,
https://a1flues.co.uk/,https://www.linkedin.com/company/a1-bridge-flues-ltd,
https://aalberts.com/,https://www.linkedin.com/company/aalberts-hydronic-flow-control,
https://aalberts-hfc.com/ex-en/pageid/solutions-datacentres,https://www.linkedin.com/company/aalberts-hydronic-flow-control,
https://acteniq.com/,https://www.linkedin.com/company/acteniq/,
https://www.addonnetworks.com/,https://www.linkedin.com/company/addon,
https://advancis.net/?lang=en,https://www.linkedin.com/company/advancis-software/,
https://www.aep-global.com/,https://www.linkedin.com/company/34893324,
https://www.afswitchgear.co.uk/,https://www.linkedin.com/company/af-switchgear-limited/,
http://www.agru.at/,,
http://www.aikido.dev/,,
https://www.airedale.com/,,
https://airia.com/,,
https://air-sys.uk/,,
http://www.akuity.io/,,
https://www.alfalaval.com/industries/energy-and-utilities/data-centers/,,
https://www.alfagomma.com/,,
https://www.allvalves.co.uk/,,
https://www.alpais.com.tr/EN/Home.aspx,,
https://www.amariplastics.com/,,
https://ambar.cloud/,,
https://www.ampacetech.com/en,,
https://amphenol-sachsenkabel.com/,,
http://www.amps.org.uk/,,
https://www.amulethotkey.com/,,
https://anordmardix.com/,,
https://www.aquasec.com/,,
https://www.aquatherm.de/en-gb/,,
https://www.arista.com/,,
http://www.armstrongfluidtechnology.com/,,
http://www.assurityconsulting.co.uk/,,
https://www.astuto.ai/,,
https://www.atkore.com/en-gb/about-us/brands/unistrut,,
http://www.unistrut.com/,,
https://www.ats-global.com/solutions/ats-dcim/,,
http://www.me-sa.de/,,
https://www.austin-hughes.com/,,
https://www.avtronpower.com/,,
https://www.avtronpower.com/,,
https://www.axis.com/,,
,,
https://www.baltimoreaircoil.com/,,
http://bahra-electric.com/,,
https://baudouin.com/fr/,,
https://www.belimo.com/,,
https://www.bellbuild.co.uk/,,
http://www.bender.de/,,
https://www.bergvik.com/contact-fr,,
https://www.bpee.com/,,
https://www.blackduck.com/,,
http://www.bluehelix.co.uk/,,
https://www.bollfilter.com/,,
http://www.boreasteknoloji.com/,,
http://www.boydcorp.com/,,
http://www.bradyid.com/,,
http://www.bray.com/,,
https://www.brettmartin.com/,,
http://www.bronto.com/,,
https://www.brush.eu/,,
https://buildots.com/,,
https://www.butlertech.ie/,,
https://www.byteplus.com/,,
http://www.lamicro.co.uk/,,
,,
https://www.commscope.com/,,
https://quantumleap.carrier.uk/,https://www.linkedin.com/company/carrier-hvac-europe,
http://www.caterpillar.com/,,
https://www.chainguard.dev/,https://www.linkedin.com/company/chainguard-dev,
http://www.cargosense.com/,https://www.linkedin.com/company/cargosense,
https://www.checkpoint.com/,https://www.linkedin.com/company/check-point-software-technologies,
http://www.checkmarx.com/,,
http://www.coreview.co.uk/,,
https://www.cornerstone.network/,,
https://crusoe.ai/,https://www.linkedin.com/company/crusoe,
http://www.cyera.io/,,
https://controlmonkey.io/,,
https://www.cybaverse.co.uk/,https://www.linkedin.com/company/cybaverse,